<?xml version="1.0" encoding="UTF-8"?>
<GenRun Id="impl_1" LaunchPart="xc7a100tcsg324-1" LaunchTime="1761236382">
  <File Type="PA-TCL" Name="FIFO_16.tcl"/>
  <File Type="REPORTS-TCL" Name="FIFO_16_reports.tcl"/>
  <File Type="INIT-TIMING" Name="FIFO_16_timing_summary_init.rpt"/>
  <File Type="OPT-DCP" Name="FIFO_16_opt.dcp"/>
  <File Type="OPT-DRC" Name="FIFO_16_drc_opted.rpt"/>
  <File Type="OPT-METHODOLOGY-DRC" Name="FIFO_16_methodology_drc_opted.rpt"/>
  <File Type="OPT-HWDEF" Name="FIFO_16.hwdef"/>
  <File Type="OPT-TIMING" Name="FIFO_16_timing_summary_opted.rpt"/>
  <File Type="OPT-RQA-PB" Name="FIFO_16_rqa_opted.pb"/>
  <File Type="PWROPT-DCP" Name="FIFO_16_pwropt.dcp"/>
  <File Type="PWROPT-DRC" Name="FIFO_16_drc_pwropted.rpt"/>
  <File Type="PWROPT-TIMING" Name="FIFO_16_timing_summary_pwropted.rpt"/>
  <File Type="PLACE-DCP" Name="FIFO_16_placed.dcp"/>
  <File Type="PLACE-IO" Name="FIFO_16_io_placed.rpt"/>
  <File Type="PLACE-CLK" Name="FIFO_16_clock_utilization_placed.rpt"/>
  <File Type="PLACE-UTIL" Name="FIFO_16_utilization_placed.rpt"/>
  <File Type="PLACE-UTIL-PB" Name="FIFO_16_utilization_placed.pb"/>
  <File Type="PLACE-CTRL" Name="FIFO_16_control_sets_placed.rpt"/>
  <File Type="PLACE-SIMILARITY" Name="FIFO_16_incremental_reuse_placed.rpt"/>
  <File Type="PLACE-PRE-SIMILARITY" Name="FIFO_16_incremental_reuse_pre_placed.rpt"/>
  <File Type="PLACE-TIMING" Name="FIFO_16_timing_summary_placed.rpt"/>
  <File Type="PLACE-RQA-PB" Name="FIFO_16_rqa_placed.pb"/>
  <File Type="POSTPLACE-PWROPT-DCP" Name="FIFO_16_postplace_pwropt.dcp"/>
  <File Type="POSTPLACE-PWROPT-TIMING" Name="FIFO_16_timing_summary_postplace_pwropted.rpt"/>
  <File Type="PHYSOPT-DCP" Name="FIFO_16_physopt.dcp"/>
  <File Type="PHYSOPT-DRC" Name="FIFO_16_drc_physopted.rpt"/>
  <File Type="PHYSOPT-TIMING" Name="FIFO_16_timing_summary_physopted.rpt"/>
  <File Type="ROUTE-ERROR-DCP" Name="FIFO_16_routed_error.dcp"/>
  <File Type="ROUTE-DCP" Name="FIFO_16_routed.dcp"/>
  <File Type="ROUTE-BLACKBOX-DCP" Name="FIFO_16_routed_bb.dcp"/>
  <File Type="ROUTE-DRC" Name="FIFO_16_drc_routed.rpt"/>
  <File Type="ROUTE-DRC-PB" Name="FIFO_16_drc_routed.pb"/>
  <File Type="ROUTE-DRC-RPX" Name="FIFO_16_drc_routed.rpx"/>
  <File Type="ROUTE-METHODOLOGY-DRC" Name="FIFO_16_methodology_drc_routed.rpt"/>
  <File Type="ROUTE-METHODOLOGY-DRC-RPX" Name="FIFO_16_methodology_drc_routed.rpx"/>
  <File Type="ROUTE-METHODOLOGY-DRC-PB" Name="FIFO_16_methodology_drc_routed.pb"/>
  <File Type="ROUTE-PWR" Name="FIFO_16_power_routed.rpt"/>
  <File Type="ROUTE-PWR-SUM" Name="FIFO_16_power_summary_routed.pb"/>
  <File Type="ROUTE-PWR-RPX" Name="FIFO_16_power_routed.rpx"/>
  <File Type="ROUTE-STATUS" Name="FIFO_16_route_status.rpt"/>
  <File Type="ROUTE-STATUS-PB" Name="FIFO_16_route_status.pb"/>
  <File Type="ROUTE-TIMINGSUMMARY" Name="FIFO_16_timing_summary_routed.rpt"/>
  <File Type="ROUTE-TIMING-PB" Name="FIFO_16_timing_summary_routed.pb"/>
  <File Type="ROUTE-TIMING-RPX" Name="FIFO_16_timing_summary_routed.rpx"/>
  <File Type="ROUTE-SIMILARITY" Name="FIFO_16_incremental_reuse_routed.rpt"/>
  <File Type="ROUTE-CLK" Name="FIFO_16_clock_utilization_routed.rpt"/>
  <File Type="ROUTE-BUS-SKEW" Name="FIFO_16_bus_skew_routed.rpt"/>
  <File Type="ROUTE-BUS-SKEW-PB" Name="FIFO_16_bus_skew_routed.pb"/>
  <File Type="ROUTE-BUS-SKEW-RPX" Name="FIFO_16_bus_skew_routed.rpx"/>
  <File Type="ROUTE-RQS-PB" Name="FIFO_16_rqs_routed.pb"/>
  <File Type="POSTROUTE-PHYSOPT-DCP" Name="FIFO_16_postroute_physopt.dcp"/>
  <File Type="POSTROUTE-PHYSOPT-BLACKBOX-DCP" Name="FIFO_16_postroute_physopt_bb.dcp"/>
  <File Type="POSTROUTE-PHYSOPT-TIMING" Name="FIFO_16_timing_summary_postroute_physopted.rpt"/>
  <File Type="POSTROUTE-PHYSOPT-TIMING-PB" Name="FIFO_16_timing_summary_postroute_physopted.pb"/>
  <File Type="POSTROUTE-PHYSOPT-TIMING-RPX" Name="FIFO_16_timing_summary_postroute_physopted.rpx"/>
  <File Type="POSTROUTE-PHYSOPT-BUS-SKEW" Name="FIFO_16_bus_skew_postroute_physopted.rpt"/>
  <File Type="POSTROUTE-PHYSOPT-BUS-SKEW-PB" Name="FIFO_16_bus_skew_postroute_physopted.pb"/>
  <File Type="POSTROUTE-PHYSOPT-BUS-SKEW-RPX" Name="FIFO_16_bus_skew_postroute_physopted.rpx"/>
  <File Type="BG-BIT" Name="FIFO_16.bit"/>
  <File Type="BG-BIN" Name="FIFO_16.bin"/>
  <File Type="BITSTR-MSK" Name="FIFO_16.msk"/>
  <File Type="BITSTR-RBT" Name="FIFO_16.rbt"/>
  <File Type="BITSTR-NKY" Name="FIFO_16.nky"/>
  <File Type="BITSTR-BMM" Name="FIFO_16_bd.bmm"/>
  <File Type="BITSTR-MMI" Name="FIFO_16.mmi"/>
  <File Type="PDI-FILE" Name="FIFO_16.pdi"/>
  <File Type="BOOT-PDI-FILE" Name="FIFO_16_boot.pdi"/>
  <File Type="PL-PDI-FILE" Name="FIFO_16_pld.pdi"/>
  <File Type="RCFI_FILE" Name="FIFO_16.rcfi"/>
  <File Type="CFI_FILE" Name="FIFO_16.cfi"/>
  <File Type="RNPI_FILE" Name="FIFO_16.rnpi"/>
  <File Type="NPI_FILE" Name="FIFO_16.npi"/>
  <File Type="RBD_FILE" Name="FIFO_16.rbd"/>
  <File Type="BITSTR-LTX" Name="debug_nets.ltx"/>
  <File Type="BITSTR-LTX" Name="FIFO_16.ltx"/>
  <File Type="BITSTR-SYSDEF" Name="FIFO_16.sysdef"/>
  <File Type="BG-BGN" Name="FIFO_16.bgn"/>
  <File Type="BG-DRC" Name="FIFO_16.drc"/>
  <File Type="RDI-RDI" Name="FIFO_16.vdi"/>
  <File Type="WBT-USG" Name="usage_statistics_webtalk.html"/>
  <File Type="ROUTE-RQS" Name="FIFO_16_routed.rqs"/>
  <File Type="POSTROUTE-PHYSOPT-RQS" Name="FIFO_16_postroute_physopted.rqs"/>
  <File Type="ROUTE-RQS-RPT" Name="route_report_qor_suggestions_0.rpt"/>
  <File Type="POSTROUTE-PHYSOPT-RQS-RPT" Name="postroute_physopt_report_qor_suggestions_0.rpt"/>
  <FileSet Name="sources" Type="DesignSrcs" RelSrcDir="$PSRCDIR/sources_1" RelGenDir="$PGENDIR/sources_1">
    <Filter Type="Srcs"/>
    <File Path="$PSRCDIR/sources_1/new/DISPLAY_7SEG.sv">
      <FileInfo>
        <Attr Name="UsedIn" Val="synthesis"/>
        <Attr Name="UsedIn" Val="implementation"/>
        <Attr Name="UsedIn" Val="simulation"/>
      </FileInfo>
    </File>
    <File Path="$PSRCDIR/sources_1/new/Rebote.sv">
      <FileInfo>
        <Attr Name="UsedIn" Val="synthesis"/>
        <Attr Name="UsedIn" Val="implementation"/>
        <Attr Name="UsedIn" Val="simulation"/>
      </FileInfo>
    </File>
    <File Path="$PSRCDIR/sources_1/new/Sincronizador.sv">
      <FileInfo>
        <Attr Name="UsedIn" Val="synthesis"/>
        <Attr Name="UsedIn" Val="implementation"/>
        <Attr Name="UsedIn" Val="simulation"/>
      </FileInfo>
    </File>
    <File Path="$PSRCDIR/sources_1/new/FIFO_16.sv">
      <FileInfo>
        <Attr Name="UsedIn" Val="synthesis"/>
        <Attr Name="UsedIn" Val="implementation"/>
        <Attr Name="UsedIn" Val="simulation"/>
      </FileInfo>
    </File>
    <Config>
      <Option Name="DesignMode" Val="RTL"/>
      <Option Name="TopModule" Val="FIFO_16"/>
      <Option Name="TopAutoSet" Val="TRUE"/>
    </Config>
  </FileSet>
  <FileSet Name="constrs_in" Type="Constrs" RelSrcDir="$PSRCDIR/constrs_1" RelGenDir="$PGENDIR/constrs_1">
    <Filter Type="Constrs"/>
    <File Path="$PSRCDIR/constrs_1/new/FIFO_16.xdc">
      <FileInfo>
        <Attr Name="UsedIn" Val="synthesis"/>
        <Attr Name="UsedIn" Val="implementation"/>
      </FileInfo>
    </File>
    <Config>
      <Option Name="ConstrsType" Val="XDC"/>
    </Config>
  </FileSet>
  <FileSet Name="utils" Type="Utils" RelSrcDir="$PSRCDIR/utils_1" RelGenDir="$PGENDIR/utils_1">
    <Filter Type="Utils"/>
    <File Path="$PSRCDIR/utils_1/imports/synth_1/FIFO_16.dcp">
      <FileInfo>
        <Attr Name="UsedIn" Val="synthesis"/>
        <Attr Name="UsedIn" Val="implementation"/>
        <Attr Name="UsedInSteps" Val="synth_1"/>
        <Attr Name="AutoDcp" Val="1"/>
      </FileInfo>
    </File>
    <Config>
      <Option Name="TopAutoSet" Val="TRUE"/>
    </Config>
  </FileSet>
  <Strategy Version="1" Minor="2">
    <StratHandle Name="Vivado Implementation Defaults" Flow="Vivado Implementation 2024"/>
    <Step Id="init_design"/>
    <Step Id="opt_design"/>
    <Step Id="power_opt_design"/>
    <Step Id="place_design"/>
    <Step Id="post_place_power_opt_design"/>
    <Step Id="phys_opt_design"/>
    <Step Id="route_design"/>
    <Step Id="post_route_phys_opt_design"/>
    <Step Id="write_bitstream"/>
  </Strategy>
  <BlockFileSet Type="BlockSrcs" Name="clk_wiz_0"/>
  <BlockFileSet Type="BlockSrcs" Name="fifo_generator_0"/>
</GenRun>
